x;float; double; ulamek
0;6,74636E-07;0;0
0;6,5933E-08;0;0
1;3,09414E-07;0;2E-15
1;3,9913E-07;0;0
0;4,34112E-07;0;0
0;2,68499E-06;0;0
0;2,27948E-05;0;0
1;3,87763E-07;0;0
1;9,08261E-08;0;0
1;7,26609E-07;0;0
2;3,61859E-06;0;0
2;3,95483E-06;0;1,4E-14
2;5,61357E-05;0;0
0;2,47249E-07;0;2E-15
0;1,25196E-06;0;0
0;6,83358E-07;0;4E-15
0;5,44957E-07;0;0
1;3,90697E-08;2,00E-15;0
1;1,2295E-06;2,00E-15;2E-15
1;2,13081E-07;0;0
1;5,88592E-07;0;2E-15
2;2,01836E-07;0;0
2;7,74992E-07;0;0
2;2,36148E-07;0;0
2;4,22846E-07;0;0
3;2,9468E-07;0;0
3;7,8535E-07;0;0
3;3,21928E-07;4,00E-15;0
3;8,42328E-07;2,00E-15;0
0;2,32838E-07;0;1,4E-14
0;8,52377E-06;0;1,4E-14
0;6,98513E-06;0;0
0;4,74376E-06;0;0
0;4,98508E-06;0;2,8E-14
1;2,09441E-06;0;7E-15
1;1,08945E-06;0;1,4E-14
1;4,89573E-07;0;0
1;4,14135E-06;0;1,4E-14
1;8,61866E-06;2,00E-15;0
2;5,51808E-07;0;7E-15
2;5,30935E-08;0;0
2;7,71451E-07;0;1,4E-14
2;1,20542E-05;0;0
2;2,25733E-06;0;1,4E-14
3;5,44957E-07;0;0
3;3,58714E-06;0;7E-15
3;2,58673E-06;0;0
3;5,98933E-06;0;1,4E-14
3;1,47744E-06;0;0
4;2,19188E-06;0;0
4;2,4898E-06;0;0
4;2,01674E-06;0;0
4;8,55323E-07;0;1,4E-14
4;4,52401E-06;7,00E-15;7E-15
0;3,0692E-05;4,00E-15;0
0;0,000103004;0;0
0;2,13914E-05;0;0
0;1,35246E-05;0;5,7E-14
0;1,12511E-05;4,00E-15;5,7E-14
0;3,12965E-05;0;0
1;2,92116E-05;0;1,14E-13
1;0,000137416;2,00E-15;0
1;1,99704E-05;0;0
1;8,64503E-06;0;0
1;1,27517E-05;2,00E-15;0
1;1,62847E-05;0;0
2;3,47997E-05;7,00E-15;1,14E-13
2;7,28547E-05;4,00E-15;2,27E-13
2;6,45875E-07;0;1,14E-13
2;6,59869E-06;0;0
2;1,69219E-05;0;0
2;2,02439E-05;4,00E-15;0
3;6,2004E-07;0;5,7E-14
3;1,29821E-05;7,00E-15;0
3;3,70086E-05;7,00E-15;5,7E-14
3;2,95488E-06;1,40E-14;0
3;1,7374E-05;7,00E-15;2,8E-14
3;4,30079E-05;0;0
4;1,24395E-05;7,00E-15;0
4;8,33178E-06;1,40E-14;1,14E-13
4;7,31991E-07;0;0
4;1,03017E-05;0;0
4;4,80638E-06;7,00E-15;2,8E-14
4;1,09878E-05;0;0
5;6,35076E-05;7,00E-15;0
5;4,59604E-05;7,00E-15;0
5;6,7946E-06;4,00E-15;0
5;1,54752E-05;7,00E-15;5,7E-14
5;1,29326E-05;7,00E-15;0
5;4,33597E-05;0;1,14E-13
0;1,69193E-05;0;0
0;7,73758E-06;0;5,7E-14
0;7,97471E-06;7,00E-15;0
0;2,03967E-05;0;5,7E-14
0;9,93355E-06;0;0
0;5,74828E-06;4,00E-15;5,7E-14
0;1,88595E-06;4,00E-15;5,7E-14
1;1,077E-05;7,00E-15;5,7E-14
1;4,68517E-06;0;0
1;4,74921E-05;0;5,7E-14
1;1,01402E-06;4,00E-15;0
1;5,14719E-05;0;0
1;3,95404E-05;0;1,14E-13
1;1,22888E-05;7,00E-15;5,7E-14
2;1,28958E-05;7,00E-15;2,8E-14
2;7,24487E-06;0;0
2;1,27409E-05;7,00E-15;5,7E-14
2;8,43328E-06;0;5,7E-14
2;3,09682E-05;0;0
2;3,63006E-05;0;5,7E-14
2;2,45955E-05;1,40E-14;1,14E-13
3;7,66007E-06;0;2,8E-14
3;2,30642E-05;0;0
3;2,78187E-06;0;5,7E-14
3;7,55673E-06;0;0
3;6,64282E-05;7,00E-15;5,7E-14
3;1,28787E-05;7,00E-15;0
3;2,97102E-06;7,00E-15;0
4;1,8472E-06;7,00E-15;0
4;7,16759E-06;0;0
4;2,18098E-06;1,40E-14;0
4;4,8925E-06;0;1,4E-14
4;1,19487E-06;0;2,8E-14
4;7,05833E-06;0;2,8E-14
4;5,00553E-07;7,00E-15;1,4E-14
5;1,784E-06;0;2,8E-14
5;2,38051E-06;7,00E-15;0
5;3,72083E-06;1,40E-14;0
5;5,01014E-07;0;0
5;8,00331E-06;0;0
5;9,26166E-06;0;5,7E-14
5;7,21534E-06;0;0
6;6,2779E-06;0;0
6;1,76553E-05;0;1,14E-13
6;2,38743E-05;7,00E-15;1,14E-13
6;5,56529E-05;4,00E-15;5,7E-14
6;2,73636E-05;2,00E-15;1,14E-13
6;1,07072E-05;4,00E-15;0
6;2,71913E-05;4,00E-15;0
0;2,93098E-06;4,00E-15;0
0;7,06112E-05;4,00E-15;0
0;2,70801E-05;0;5,7E-14
0;2,20216E-05;0;5,7E-14
0;2,82635E-05;2,00E-15;0
0;4,78593E-06;0;2,8E-14
0;1,14994E-05;4,00E-15;5,7E-14
0;7,24487E-06;2,00E-15;0
1;6,52856E-06;0;0
1;2,37339E-06;0;2,8E-14
1;8,87078E-06;0;2,8E-14
1;6,61143E-07;2,00E-15;0
1;3,82819E-05;0;0
1;3,37208E-06;0;0
1;1,27945E-06;1,40E-14;0
1;4,87723E-06;0;0
2;8,09066E-06;0;2,8E-14
2;4,06357E-05;0;0
2;1,53955E-05;7,00E-15;5,7E-14
2;5,68185E-06;0;0
2;1,91308E-05;0;5,7E-14
2;1,13868E-06;0;2,8E-14
2;6,81936E-06;7,00E-15;2,8E-14
2;1,24592E-05;7,00E-15;2,8E-14
3;5,84271E-06;0;1,4E-14
3;1,38381E-05;0;0
3;1,79967E-05;7,00E-15;0
3;8,96153E-06;7,00E-15;0
3;1,09439E-05;0;0
3;4,37917E-06;0;0
3;4,91531E-06;4,00E-15;0
3;6,0622E-06;0;0
4;1,29175E-08;0;0
4;6,18625E-06;0;1,14E-13
4;5,70523E-05;0;0
4;2,71698E-05;0;1,14E-13
4;1,03986E-05;0;0
4;1,45171E-05;0;0
4;2,37287E-05;0;5,7E-14
4;6,25422E-06;0;0
5;1,21048E-06;1,40E-14;0
5;1,08447E-05;2,80E-14;0
5;1,96529E-05;0;0
5;1,27979E-05;1,40E-14;2,8E-14
5;6,52118E-06;0;0
5;2,42235E-06;0;1,4E-14
5;1,83536E-06;0;0
5;5,96281E-06;1,40E-14;0
6;3,37416E-06;4,00E-15;0
6;5,71415E-06;0;2,8E-14
6;5,32368E-06;0;0
6;1,43894E-05;0;0
6;5,93128E-06;7,00E-15;5,7E-14
6;5,11317E-07;7,00E-15;1,4E-14
6;9,47402E-06;0;0
6;1,31302E-06;0;1,4E-14
7;2,3669E-06;7,00E-15;0
7;4,04383E-06;0;0
7;1,03322E-05;1,40E-14;0
7;5,21159E-06;7,00E-15;0
7;2,90505E-05;0;0
7;1,04009E-06;7,00E-15;0
7;4,81971E-06;1,40E-14;0
7;6,39394E-07;0;0
0;2,13345E-05;7,00E-15;5,7E-14
0;8,00623E-06;1,40E-14;0
0;1,08292E-06;0;0
0;3,83819E-06;7,00E-15;2,8E-14
0;3,99981E-05;0;0
0;2,19511E-05;1,40E-14;0
0;5,62987E-07;0;2,8E-14
0;1,03497E-05;0;2,8E-14
0;2,00996E-05;0;5,7E-14
1;8,98255E-06;7,00E-15;2,8E-14
1;1,26314E-06;1,40E-14;0
1;5,88189E-06;1,40E-14;2,8E-14
1;8,08574E-07;0;2,8E-14
1;2,96795E-06;0;2,8E-14
1;9,61868E-06;0;2,8E-14
1;3,13253E-06;7,00E-15;0
1;4,99938E-07;0;0
1;3,19827E-06;0;0
2;1,21634E-05;0;0
2;3,40458E-06;0;2,8E-14
2;2,82568E-06;0;2,8E-14
2;9,44207E-07;0;5,7E-14
2;1,3346E-05;0;5,7E-14
2;1,01526E-05;7,00E-15;2,8E-14
2;2,59976E-06;0;0
2;6,66045E-06;0;5,7E-14
2;2,06407E-05;0;5,7E-14
3;1,51578E-05;0;0
3;2,16461E-06;0;1,4E-14
3;9,05501E-06;0;0
3;1,50924E-07;0;2,8E-14
3;7,78279E-06;0;2,8E-14
3;6,89306E-06;0;2,8E-14
3;8,89231E-07;0;1,4E-14
3;1,663E-05;1,40E-14;0
3;1,47457E-05;1,40E-14;5,7E-14
4;9,54603E-06;0;0
4;1,10775E-05;0;0
4;8,3324E-06;0;0
4;1,44122E-05;0;0
4;1,10524E-05;0;0
4;2,67038E-06;0;2,8E-14
4;3,47004E-06;7,00E-15;1,4E-14
4;5,44534E-06;1,40E-14;0
4;3,26351E-05;0;5,7E-14
5;3,32303E-05;1,40E-14;5,7E-14
5;1,83635E-06;7,00E-15;0
5;1,3341E-05;7,00E-15;5,7E-14
5;1,55748E-05;1,40E-14;0
5;8,45911E-06;4,00E-15;0
5;7,68657E-06;0;0
5;1,78934E-06;1,40E-14;0
5;1,86381E-06;0;0
5;1,68296E-06;7,00E-15;1,14E-13
6;2,50599E-06;0;0
6;5,49967E-06;0;0
6;6,88062E-06;7,00E-15;0
6;6,01863E-06;7,00E-15;5,7E-14
6;1,39026E-05;1,40E-14;0
6;2,04096E-06;7,00E-15;5,7E-14
6;1,81971E-05;0;0
6;1,37344E-05;0;0
6;1,19542E-05;1,40E-14;5,7E-14
7;7,69237E-06;7,00E-15;0
7;8,22414E-06;1,40E-14;0
7;2,48185E-05;1,40E-14;0
7;3,37147E-06;0;2,8E-14
7;1,47665E-05;0;2,8E-14
7;1,6861E-05;0;0
7;8,31425E-06;0;0
7;8,6192E-06;0;0
7;2,16654E-05;0;0
8;6,40385E-06;7,00E-15;0
8;3,44236E-06;1,40E-14;0
8;7,59672E-06;0;0
8;1,61469E-07;0;0
8;2,31638E-06;1,40E-14;0
8;1,69381E-05;7,00E-15;0
8;2,24903E-06;0;2,8E-14
8;1,42092E-06;0;2,8E-14
8;5,01485E-05;1,40E-14;0
0;7,63209E-06;7,00E-15;0
0;1,05288E-05;1,40E-14;0
0;3,68405E-07;0;2,8E-14
0;2,13258E-05;0;0
0;1,59011E-06;1,40E-14;1,4E-14
0;2,35365E-05;0;2,8E-14
0;2,82529E-05;2,80E-14;2,8E-14
0;3,36049E-05;0;5,7E-14
0;3,65432E-06;0;0
0;1,9612E-06;7,00E-15;2,8E-14
1;6,12123E-06;7,00E-15;0
1;1,62846E-05;0;0
1;2,30042E-05;0;2,8E-14
1;8,71118E-07;1,40E-14;2,8E-14
1;6,5038E-06;7,00E-15;0
1;4,35573E-06;7,00E-15;0
1;1,25134E-05;0;0
1;2,58442E-06;7,00E-15;0
1;5,0523E-06;7,00E-15;0
1;6,60578E-06;7,00E-15;0
2;3,1531E-06;1,40E-14;0
2;1,2589E-05;1,40E-14;0
2;8,50135E-06;7,00E-15;0
2;3,73016E-06;0;0
2;3,849E-06;7,00E-15;0
2;1,27861E-05;7,00E-15;0
2;5,47403E-06;0;0
2;8,33135E-06;0;0
2;2,15767E-06;0;0
2;2,4196E-06;7,00E-15;1,4E-14
3;1,41889E-05;7,00E-15;5,7E-14
3;1,253E-06;1,40E-14;0
3;2,8891E-05;7,00E-15;0
3;2,45687E-05;1,40E-14;0
3;2,28405E-05;0;0
3;4,49122E-05;7,00E-15;0
3;1,31565E-05;7,00E-15;5,7E-14
3;7,48066E-06;0;0
3;1,86514E-05;4,00E-15;5,7E-14
3;2,66256E-06;0;2,8E-14
4;2,40837E-05;0;0
4;8,02311E-06;7,00E-15;0
4;1,43597E-05;0;2,8E-14
4;2,40802E-06;0;2,8E-14
4;7,80786E-06;7,00E-15;0
4;4,36444E-09;0;2,8E-14
4;9,88188E-07;0;2,8E-14
4;4,47653E-07;1,40E-14;2,8E-14
4;7,49549E-06;0;2,8E-14
4;9,51999E-07;7,00E-15;1,4E-14
5;1,61734E-05;7,00E-15;5,7E-14
5;2,73451E-05;0;2,8E-14
5;3,20138E-05;1,40E-14;5,7E-14
5;3,59936E-05;7,00E-15;0
5;1,25885E-05;7,00E-15;0
5;2,19727E-05;1,40E-14;0
5;1,17147E-05;0;0
5;1,64842E-06;0;5,7E-14
5;5,22144E-06;0;2,8E-14
5;9,43484E-06;0;2,8E-14
6;1,07581E-05;1,40E-14;0
6;1,00177E-06;0;2,8E-14
6;2,75344E-05;7,00E-15;0
6;6,57142E-06;7,00E-15;0
6;6,53912E-06;0;0
6;3,45053E-06;0;2,8E-14
6;8,17087E-06;7,00E-15;0
6;2,69846E-05;1,40E-14;0
6;7,78288E-06;0;5,7E-14
6;3,42352E-06;7,00E-15;1,4E-14
7;9,42977E-07;7,00E-15;0
7;2,56043E-06;1,40E-14;0
7;5,7815E-06;0;5,7E-14
7;2,59771E-05;0;0
7;2,96779E-06;0;0
7;1,5696E-06;0;0
7;7,47784E-06;0;2,8E-14
7;3,39343E-05;0;0
7;8,48722E-06;1,40E-14;0
7;5,97834E-06;0;0
8;3,34154E-05;7,00E-15;0
8;7,00159E-06;7,00E-15;2,8E-14
8;2,28588E-06;0;0
8;1,34753E-05;0;2,8E-14
8;7,5596E-06;7,00E-15;2,8E-14
8;4,31844E-06;1,40E-14;0
8;5,37798E-06;0;2,8E-14
8;9,26184E-06;0;0
8;1,85403E-05;0;0
8;1,08722E-06;1,40E-14;2,8E-14
9;4,73116E-05;0;0
9;1,72904E-05;0;0
9;3,44818E-05;0;5,7E-14
9;9,94408E-06;7,00E-15;5,7E-14
9;8,0842E-06;7,00E-15;0
9;9,61966E-06;0;5,7E-14
9;2,73888E-05;1,40E-14;0
9;4,94447E-05;7,00E-15;1,14E-13
9;1,10365E-05;7,00E-15;5,7E-14
9;7,40957E-06;1,40E-14;0
0;1,52255E-05;7,00E-15;0
0;1,20502E-06;7,00E-15;1,14E-13
0;2,14296E-06;0;0
0;6,9816E-07;1,40E-14;0
0;3,23064E-05;7,00E-15;5,7E-14
0;3,77821E-05;7,00E-15;5,7E-14
0;6,40339E-06;0;0
0;1,19093E-05;7,00E-15;0
0;3,55231E-07;1,40E-14;5,7E-14
0;5,01168E-06;0;0
0;3,09532E-05;7,00E-15;0
1;3,11865E-05;0;1,14E-13
1;1,45588E-05;7,00E-15;5,7E-14
1;1,06668E-05;0;5,7E-14
1;3,66752E-05;7,00E-15;0
1;3,91672E-05;7,00E-15;0
1;3,29522E-05;0;1,14E-13
1;4,25405E-05;7,00E-15;0
1;4,1878E-05;7,00E-15;0
1;6,91455E-06;1,40E-14;0
1;2,70632E-05;0;0
1;3,50333E-05;7,00E-15;0
2;7,35111E-06;0;0
2;3,40837E-06;2,10E-14;0
2;3,82358E-05;0;5,7E-14
2;1,05185E-06;7,00E-15;0
2;1,93455E-07;0;0
2;2,5023E-05;7,00E-15;0
2;2,52049E-05;1,40E-14;0
2;5,47781E-06;0;0
2;1,83567E-05;7,00E-15;5,7E-14
2;2,33653E-05;1,40E-14;0
2;1,82466E-05;7,00E-15;1,14E-13
3;1,19615E-05;7,00E-15;5,7E-14
3;3,43464E-05;1,40E-14;5,7E-14
3;1,88134E-05;0;0
3;2,08341E-05;0;5,7E-14
3;3,35796E-05;0;0
3;3,04884E-05;0;0
3;1,65367E-05;2,80E-14;0
3;2,04459E-05;7,00E-15;0
3;2,20059E-05;0;0
3;1,05395E-05;7,00E-15;5,7E-14
3;1,30207E-05;0;0
4;1,81171E-05;0;5,7E-14
4;1,83973E-05;0;5,7E-14
4;1,34707E-06;0;5,7E-14
4;3,82044E-05;0;5,7E-14
4;1,19046E-05;1,40E-14;0
4;1,0298E-05;0;5,7E-14
4;3,68108E-05;0;5,7E-14
4;4,1336E-07;0;0
4;6,84627E-06;7,00E-15;0
4;4,75204E-05;7,00E-15;5,7E-14
4;3,00225E-05;0;0
5;1,71126E-05;0;0
5;1,55139E-05;1,40E-14;5,7E-14
5;1,23485E-06;2,80E-14;0
5;1,02694E-05;1,40E-14;0
5;3,84966E-05;7,00E-15;0
5;1,25946E-05;0;5,7E-14
5;1,44461E-05;1,40E-14;5,7E-14
5;2,45432E-06;1,40E-14;0
5;2,46078E-05;0;0
5;2,20256E-05;0;5,7E-14
5;3,12197E-05;2,80E-14;0
6;5,21436E-06;7,00E-15;0
6;2,12567E-05;2,80E-14;0
6;2,58933E-05;1,40E-14;0
6;3,38654E-05;1,40E-14;5,7E-14
6;7,32545E-06;0;1,14E-13
6;3,50464E-06;1,40E-14;0
6;2,54211E-05;1,40E-14;0
6;2,66883E-05;1,40E-14;5,7E-14
6;1,86473E-05;0;5,7E-14
6;1,44239E-05;1,40E-14;5,7E-14
6;3,77889E-06;1,40E-14;0
7;3,9551E-05;0;0
7;6,217E-06;1,40E-14;1,14E-13
7;8,24961E-05;7,00E-15;0
7;8,32403E-05;0;1,14E-13
7;8,26518E-05;2,80E-14;0
7;1,51688E-05;1,40E-14;1,14E-13
7;4,62892E-05;1,40E-14;0
7;2,43548E-05;0;0
7;9,20648E-06;0;5,7E-14
7;1,0596E-05;0;0
7;1,35262E-05;0;0
8;1,70384E-06;0;2,8E-14
8;9,92187E-07;0;0
8;1,18664E-05;2,80E-14;0
8;3,15494E-05;1,40E-14;0
8;1,95015E-05;1,40E-14;5,7E-14
8;2,04881E-05;0;0
8;1,69918E-05;0;5,7E-14
8;5,48231E-06;0;2,8E-14
8;1,66774E-05;0;0
8;1,91235E-05;1,40E-14;0
8;5,58099E-06;1,40E-14;0
9;4,43105E-06;1,40E-14;5,7E-14
9;1,02814E-05;0;5,7E-14
9;1,58836E-05;0;5,7E-14
9;2,61518E-05;2,80E-14;0
9;3,45442E-05;0;5,7E-14
9;3,23276E-05;2,80E-14;0
9;9,97151E-06;1,40E-14;0
9;2,39536E-05;7,00E-15;5,7E-14
9;6,21885E-06;0;0
9;3,99849E-06;4,30E-14;5,7E-14
9;1,90612E-05;0;0
10;5,74038E-06;0;0
10;2,75475E-05;1,40E-14;1,14E-13
10;2,23868E-05;0;0
10;1,52795E-05;0;1,14E-13
10;6,31671E-05;0;0
10;1,07123E-05;1,40E-14;1,14E-13
10;1,40985E-05;2,80E-14;1,14E-13
10;1,42222E-05;1,40E-14;0
10;3,73408E-05;1,40E-14;0
10;5,69108E-05;2,80E-14;0
10;1,48643E-05;0;1,14E-13
0;2,86934E-05;0;0
0;1,31669E-05;0;2,8E-14
0;8,45173E-07;0;0
0;4,09115E-06;0;0
0;2,70049E-05;1,40E-14;0
0;2,33807E-05;0;1,14E-13
0;2,67083E-05;0;0
0;6,18563E-06;2,80E-14;2,8E-14
0;1,42468E-05;1,40E-14;0
0;1,78077E-06;2,80E-14;2,8E-14
0;5,64679E-06;4,30E-14;2,8E-14
0;1,41491E-05;0;0
1;1,80873E-05;7,00E-15;0
1;1,12608E-05;1,40E-14;0
1;4,40874E-05;0;0
1;5,9402E-06;1,40E-14;0
1;2,62871E-06;7,00E-15;0
1;6,0492E-05;0;1,14E-13
1;2,14812E-05;1,40E-14;0
1;2,77532E-05;7,00E-15;0
1;2,5111E-05;1,40E-14;0
1;1,40607E-05;1,40E-14;2,8E-14
1;5,97342E-07;0;2,8E-14
1;2,85384E-06;1,40E-14;0
2;1,42835E-05;2,80E-14;0
2;1,01178E-05;1,40E-14;0
2;3,27344E-05;5,70E-14;1,14E-13
2;2,07295E-06;0;0
2;1,11606E-05;1,40E-14;5,7E-14
2;6,47395E-05;2,80E-14;1,14E-13
2;8,27057E-05;1,40E-14;0
2;2,10116E-05;0;0
2;2,03178E-05;2,80E-14;0
2;2,69367E-05;0;0
2;2,47899E-05;1,40E-14;0
2;1,52711E-05;1,40E-14;2,8E-14
3;3,15962E-05;0;1,14E-13
3;2,35938E-05;2,80E-14;5,7E-14
3;6,23786E-05;0;1,14E-13
3;5,56744E-06;0;1,14E-13
3;1,93375E-05;1,40E-14;0
3;7,65921E-05;1,40E-14;2,27E-13
3;2,10069E-05;0;0
3;4,42381E-05;2,80E-14;0
3;4,71736E-05;0;0
3;1,11865E-05;1,40E-14;0
3;2,75143E-07;2,80E-14;0
3;1,78547E-05;0;0
4;5,93682E-06;1,40E-14;0
4;2,53773E-05;2,80E-14;0
4;1,20183E-05;2,80E-14;5,7E-14
4;2,52156E-05;1,40E-14;1,14E-13
4;4,84047E-07;7,00E-15;2,8E-14
4;3,87644E-06;1,40E-14;5,7E-14
4;2,84667E-06;0;0
4;2,69376E-05;0;2,8E-14
4;1,2253E-05;7,00E-15;0
4;9,47283E-07;0;0
4;2,64486E-05;2,80E-14;2,8E-14
4;8,3875E-06;1,40E-14;2,8E-14
5;3,31364E-05;0;5,7E-14
5;6,37801E-06;1,40E-14;5,7E-14
5;3,81568E-05;1,40E-14;0
5;3,2672E-05;7,00E-15;2,27E-13
5;7,45806E-06;7,00E-15;2,8E-14
5;5,69327E-06;1,40E-14;1,14E-13
5;3,51412E-05;0;5,7E-14
5;1,01277E-05;2,80E-14;0
5;8,34972E-06;1,40E-14;5,7E-14
5;5,4275E-06;1,40E-14;0
5;4,89573E-06;7,00E-15;0
5;4,86405E-06;1,40E-14;0
6;2,60872E-05;1,40E-14;5,7E-14
6;1,9824E-05;0;5,7E-14
6;3,01049E-05;1,40E-14;0
6;2,63056E-05;1,40E-14;2,27E-13
6;4,48955E-05;7,00E-15;0
6;9,42403E-05;1,40E-14;2,27E-13
6;1,95471E-07;7,00E-15;0
6;2,9172E-06;0;0
6;2,668E-05;0;1,14E-13
6;9,84385E-06;0;0
6;4,53117E-06;0;0
6;2,48062E-05;0;0
7;2,45906E-05;1,40E-14;0
7;3,28863E-05;1,40E-14;5,7E-14
7;5,53234E-06;0;0
7;8,61486E-05;1,40E-14;2,27E-13
7;2,1637E-05;0;0
7;7,13948E-05;0;0
7;6,65944E-06;0;5,7E-14
7;2,93904E-06;2,80E-14;5,7E-14
7;4,25807E-05;1,40E-14;1,71E-13
7;2,26643E-06;1,40E-14;0
7;7,31151E-06;1,40E-14;0
7;1,23705E-06;1,40E-14;5,7E-14
8;3,15033E-05;1,40E-14;0
8;1,5421E-06;1,40E-14;2,8E-14
8;1,69654E-05;0;2,27E-13
8;2,79202E-05;0;0
8;9,28394E-06;1,40E-14;0
8;2,20189E-05;0;0
8;3,25101E-05;0;5,7E-14
8;1,55328E-05;2,10E-14;5,7E-14
8;7,05688E-05;1,40E-14;0
8;1,05344E-05;1,40E-14;2,8E-14
8;2,94479E-05;7,00E-15;0
8;1,5398E-05;0;0
9;2,9475E-05;1,40E-14;5,7E-14
9;2,31783E-05;0;2,8E-14
9;1,41647E-05;1,40E-14;5,7E-14
9;4,50774E-05;1,40E-14;5,7E-14
9;9,6648E-06;0;2,8E-14
9;1,62665E-06;0;1,14E-13
9;3,24379E-05;0;0
9;1,89385E-05;0;0
9;5,38485E-06;0;2,8E-14
9;2,01226E-06;1,40E-14;0
9;6,1943E-06;0;0
9;3,6984E-07;2,80E-14;2,8E-14
10;8,49417E-06;0;0
10;1,29488E-05;0;0
10;1,88817E-05;2,80E-14;5,7E-14
10;2,32515E-07;0;5,7E-14
10;9,60185E-06;1,40E-14;2,8E-14
10;6,59469E-05;0;0
10;2,49196E-05;1,40E-14;5,7E-14
10;5,69938E-06;1,40E-14;2,8E-14
10;1,27119E-05;5,70E-14;2,8E-14
10;1,46521E-06;1,40E-14;2,8E-14
10;1,87124E-05;0;2,8E-14
10;9,39247E-06;0;2,8E-14
11;4,32644E-06;0;0
11;3,19068E-05;1,40E-14;0
11;3,38132E-05;2,80E-14;1,14E-13
11;2,71194E-05;0;1,14E-13
11;1,13312E-05;1,40E-14;5,7E-14
11;1,49957E-05;1,40E-14;0
11;3,67509E-05;0;1,14E-13
11;5,77084E-07;0;0
11;2,34616E-05;1,40E-14;0
11;1,18688E-05;0;0
11;1,07589E-05;0;0
11;8,03538E-06;2,80E-14;0
0;4,7784E-05;0;5,7E-14
0;6,60601E-05;1,40E-14;0
0;2,36706E-05;0;0
0;6,51731E-05;2,80E-14;0
0;6,72673E-06;0;5,7E-14
0;6,44593E-05;1,40E-14;0
0;1,3094E-05;1,40E-14;0
0;8,72571E-05;1,40E-14;0
0;6,40997E-05;5,70E-14;1,14E-13
0;4,29787E-05;2,80E-14;0
0;1,02501E-05;4,30E-14;5,7E-14
0;3,90723E-06;1,40E-14;0
0;8,76302E-06;2,80E-14;5,7E-14
1;4,06031E-05;0;5,7E-14
1;8,86804E-05;1,40E-14;2,27E-13
1;3,00194E-05;1,40E-14;5,7E-14
1;4,99642E-05;2,80E-14;1,14E-13
1;1,89961E-05;7,00E-15;0
1;2,30239E-05;7,00E-15;0
1;3,89171E-05;7,00E-15;1,14E-13
1;4,38321E-05;0;0
1;6,27349E-05;1,40E-14;0
1;2,58026E-05;0;0
1;5,39366E-05;1,40E-14;0
1;6,19679E-05;0;1,14E-13
1;1,49443E-05;2,80E-14;5,7E-14
2;1,69403E-05;7,00E-15;2,8E-14
2;3,71E-05;1,40E-14;0
2;1,2209E-06;7,00E-15;0
2;1,89512E-05;0;0
2;8,27089E-06;4,30E-14;0
2;6,03763E-06;1,40E-14;2,8E-14
2;1,29725E-05;7,00E-15;0
2;3,16642E-05;0;5,7E-14
2;5,39038E-06;0;2,8E-14
2;5,93805E-06;0;0
2;9,66719E-06;1,40E-14;2,8E-14
2;3,85328E-06;1,40E-14;5,7E-14
2;2,20807E-05;1,40E-14;0
3;5,4372E-06;0;0
3;7,35479E-05;7,00E-15;1,14E-13
3;1,80401E-05;1,40E-14;1,14E-13
3;3,61965E-05;2,80E-14;1,14E-13
3;1,55495E-05;0;5,7E-14
3;5,3329E-05;1,40E-14;1,14E-13
3;5,50929E-05;1,40E-14;0
3;1,4362E-05;7,00E-15;0
3;1,12112E-05;0;0
3;3,69234E-05;7,00E-15;5,7E-14
3;6,36911E-07;2,10E-14;5,7E-14
3;7,55752E-05;1,40E-14;2,27E-13
3;2,6296E-05;1,40E-14;0
4;1,55825E-05;1,40E-14;0
4;2,73277E-06;1,40E-14;1,14E-13
4;4,20388E-05;1,40E-14;0
4;8,62722E-05;0;0
4;1,48348E-05;1,40E-14;0
4;1,5676E-05;0;1,14E-13
4;1,19196E-06;2,80E-14;0
4;1,20938E-05;2,80E-14;0
4;1,03943E-05;0;0
4;7,22734E-06;1,40E-14;5,7E-14
4;2,31254E-06;0;0
4;2,46478E-06;1,40E-14;1,14E-13
4;1,81829E-05;1,40E-14;5,7E-14
5;1,39857E-06;7,00E-15;0
5;4,55815E-05;2,80E-14;2,27E-13
5;1,87796E-06;0;1,14E-13
5;5,16841E-05;2,80E-14;0
5;7,9662E-06;0;0
5;3,79241E-06;1,40E-14;2,27E-13
5;2,70382E-05;0;0
5;8,45198E-05;5,70E-14;2,27E-13
5;6,37493E-05;2,80E-14;0
5;7,35292E-06;1,40E-14;0
5;5,35827E-05;1,40E-14;0
5;0,000161519;0;2,27E-13
5;1,05827E-05;1,40E-14;1,14E-13
6;3,20754E-07;1,40E-14;0
6;4,01771E-06;0;0
6;1,65015E-05;1,40E-14;5,7E-14
6;1,06643E-05;1,40E-14;5,7E-14
6;1,90596E-05;0;2,8E-14
6;1,81322E-05;4,30E-14;5,7E-14
6;1,90217E-05;1,40E-14;0
6;4,25864E-05;1,40E-14;0
6;3,76231E-06;1,40E-14;0
6;1,01626E-05;0;2,8E-14
6;6,89968E-06;1,40E-14;0
6;2,47884E-05;1,40E-14;5,7E-14
6;3,38878E-05;0;1,14E-13
7;5,82659E-06;1,40E-14;0
7;8,52787E-05;2,80E-14;1,14E-13
7;5,85716E-06;1,40E-14;0
7;2,01734E-05;7,00E-15;1,14E-13
7;2,52746E-05;1,40E-14;0
7;1,82903E-05;7,00E-15;0
7;6,90847E-05;0;1,14E-13
7;1,6653E-06;1,40E-14;1,14E-13
7;3,63301E-05;0;1,14E-13
7;3,17778E-05;2,80E-14;5,7E-14
7;1,80774E-05;0;5,7E-14
7;1,67196E-06;1,40E-14;1,14E-13
7;2,36144E-06;1,40E-14;0
8;1,93799E-05;0;1,14E-13
8;0,000143565;0;0
8;2,15556E-05;1,40E-14;1,14E-13
8;7,45069E-05;0;2,27E-13
8;2,29735E-05;2,80E-14;0
8;9,86298E-05;1,40E-14;2,27E-13
8;2,62336E-05;1,40E-14;2,27E-13
8;4,86436E-05;1,40E-14;0
8;1,03283E-05;0;0
8;4,39841E-05;1,40E-14;1,14E-13
8;1,64263E-05;0;0
8;1,54715E-05;0;0
8;8,08471E-07;2,80E-14;0
9;2,06372E-08;0;0
9;2,60365E-05;1,40E-14;1,14E-13
9;9,59539E-06;2,80E-14;2,8E-14
9;3,37091E-05;1,40E-14;0
9;1,91573E-06;7,00E-15;0
9;1,21131E-06;0;0
9;1,85364E-05;0;0
9;3,4609E-06;1,40E-14;0
9;2,4269E-05;1,40E-14;0
9;2,35737E-05;2,80E-14;0
9;3,72365E-06;1,40E-14;0
9;2,04851E-05;0;5,7E-14
9;3,89124E-06;0;0
10;2,19044E-06;0;0
10;5,64476E-05;1,40E-14;1,14E-13
10;3,61772E-05;1,40E-14;0
10;7,76378E-05;0;2,27E-13
10;2,29627E-05;1,40E-14;0
10;1,96887E-05;0;0
10;6,20427E-05;1,40E-14;0
10;1,28843E-05;4,30E-14;0
10;7,63547E-05;2,80E-14;1,14E-13
10;4,50919E-05;1,40E-14;5,7E-14
10;6,43747E-06;0;1,14E-13
10;3,60145E-05;1,40E-14;0
10;3,87688E-05;1,40E-14;0
11;1,94863E-05;0;2,8E-14
11;4,38063E-06;1,40E-14;0
11;7,15076E-07;7,00E-15;2,8E-14
11;1,53647E-05;1,40E-14;0
11;2,02964E-05;2,80E-14;2,8E-14
11;5,42873E-06;0;0
11;2,19741E-06;2,80E-14;0
11;3,18666E-05;1,40E-14;0
11;3,13376E-05;1,40E-14;0
11;1,22258E-05;1,40E-14;2,8E-14
11;2,93092E-06;0;2,8E-14
11;1,58521E-05;1,40E-14;0
11;1,16862E-06;0;2,8E-14
12;1,32367E-05;1,40E-14;5,7E-14
12;0,000119402;1,40E-14;0
12;1,30479E-05;7,00E-15;2,27E-13
12;1,49866E-05;1,40E-14;0
12;1,52024E-05;0;0
12;4,18576E-05;1,40E-14;0
12;2,9678E-05;2,80E-14;0
12;8,66838E-05;2,80E-14;2,27E-13
12;3,3925E-05;1,40E-14;1,14E-13
12;1,61815E-05;0;0
12;2,91074E-05;1,40E-14;0
12;2,7725E-05;0;4,55E-13
12;2,92348E-05;7,00E-15;0
0;1,99246E-05;4,30E-14;0
0;3,65676E-05;0;2,27E-13
0;1,40845E-06;1,40E-14;1,14E-13
0;0,000110498;0;1,14E-13
0;1,27404E-05;1,40E-14;1,14E-13
0;3,10881E-06;1,40E-14;2,27E-13
0;1,07449E-05;1,40E-14;2,27E-13
0;7,12184E-06;1,40E-14;0
0;4,29719E-05;1,40E-14;4,55E-13
0;6,30526E-05;0;1,14E-13
0;3,16816E-05;0;0
0;3,39349E-05;8,50E-14;2,27E-13
0;1,05532E-05;1,40E-14;1,14E-13
0;7,22652E-05;1,40E-14;0
1;0,000175004;4,30E-14;2,27E-13
1;0,000234503;1,40E-14;4,55E-13
1;1,56226E-05;2,80E-14;0
1;2,63824E-05;0;0
1;5,54225E-05;0;0
1;0,000172405;0;0
1;0,000134622;2,80E-14;0
1;0,000197486;0;0
1;0,000101203;0;0
1;2,83579E-05;2,80E-14;2,27E-13
1;0,000136236;2,80E-14;4,55E-13
1;3,48245E-05;2,80E-14;0
1;2,98591E-05;5,70E-14;0
1;0,000101808;2,80E-14;4,55E-13
2;9,92586E-06;1,40E-14;1,71E-13
2;4,69385E-05;0;0
2;4,51177E-06;2,80E-14;0
2;2,57452E-05;0;0
2;1,68699E-05;4,30E-14;0
2;1,43759E-05;1,40E-14;0
2;8,37923E-07;0;5,7E-14
2;5,81585E-05;2,80E-14;0
2;7,14522E-05;2,80E-14;0
2;2,66452E-06;0;1,14E-13
2;1,26407E-05;1,40E-14;0
2;8,6723E-05;0;2,27E-13
2;1,17721E-05;0;0
2;3,6758E-06;0;1,14E-13
3;7,07267E-05;2,80E-14;0
3;2,16399E-06;1,40E-14;4,55E-13
3;4,66198E-06;1,40E-14;1,14E-13
3;0,000106535;0;0
3;5,23472E-05;1,40E-14;1,14E-13
3;9,66123E-05;1,40E-14;2,27E-13
3;2,10531E-05;2,80E-14;2,27E-13
3;8,77471E-05;0;2,27E-13
3;8,77713E-05;1,40E-14;2,27E-13
3;2,76668E-05;1,40E-14;2,27E-13
3;4,75489E-05;0;0
3;1,10168E-05;0;2,27E-13
3;1,94968E-05;0;1,14E-13
3;0,000132664;0;2,27E-13
4;3,91892E-05;0;1,14E-13
4;9,47923E-06;0;0
4;3,1582E-06;0;5,7E-14
4;8,21184E-07;0;0
4;1,0126E-05;0;5,7E-14
4;5,00768E-06;0;1,14E-13
4;2,29396E-06;0;5,7E-14
